{"train_loss": [9.501595810652589, 3.34303052653606, 2.7259661620438544, 2.3587971309861278, 2.0869789809008803, 1.8814532859586002, 1.7207613128913315, 1.5961860156917118, 1.4963973406133244, 1.4154871912611153, 1.3479432209527016, 1.2884133925505907, 1.2404470779988042, 1.1951900978761714, 1.156654770529683, 1.1228581993092668, 1.0927920672493732, 1.0664347911156202, 1.0427167363823957, 1.0232961202914101], "val_loss": [3.577783995408278, 2.770182187740619, 2.3655680083311523, 2.057128575214973, 1.878611872287897, 1.723926610671557, 1.601342281469932, 1.5141104019605196, 1.4683310472048245, 1.4179656326770782, 1.3810214377366579, 1.3438579275057867, 1.3053510624628801, 1.2842187993801557, 1.263218705699994, 1.2508091261753669, 1.2323281219372382, 1.2311898435537632, 1.2163895811025913, 1.2082916793914942], "val_metric": [0.47618216276168823, 0.5641235709190369, 0.6000251770019531, 0.6386992335319519, 0.6601800918579102, 0.6780357956886292, 0.6958455443382263, 0.7067147493362427, 0.713152289390564, 0.7193566560745239, 0.7268829345703125, 0.7301952242851257, 0.7361512184143066, 0.739208996295929, 0.7418097257614136, 0.7435057759284973, 0.7476184964179993, 0.7477136254310608, 0.7515810132026672, 0.7527096271514893], "lr": [0.001, 0.001, 0.001, 0.001, 0.001, 0.001, 0.001, 0.001, 0.001, 0.001, 0.001, 0.001, 0.001, 0.001, 0.001, 0.001, 0.001, 0.001, 0.001, 0.001]}